1100015,Adao,36
1100015,Adelina,10
1100015,Adelson,10
1100015,Ademar,19
1100015,Ademir,46
1100015,Adenilson,12
1100015,Adilson,31
1100015,Adriana,60
1100015,Adriano,39
1100015,Adriele,13
1100015,Afonso,10
1100015,Agnaldo,16
1100015,Aguinaldo,11
1100015,Ailton,25
1100015,Alan,16
1100015,Alessandra,17
1100015,Alessandro,18
1100015,Alex,37
1100015,Alexandra,15
1100015,Alexandre,33
1100015,Alexandro,15
1100015,Alfredo,10
1100015,Alice,19
1100015,Aline,77
1100015,Alisson,19
1100015,Almir,14
1100015,Altair,11
1100015,Alzira,11
1100015,Amanda,51
1100015,Amarildo,13
1100015,Ana,300
1100015,Anderson,67
1100015,Andre,62
1100015,Andreia,53
1100015,Andressa,35
1100015,Andriele,10
1100015,Angela,29
1100015,Angelica,42
1100015,Angelina,11
1100015,Angelo,10
1100015,Anita,10
1100015,Antonia,37
1100015,Antonio,270
1100015,Aparecida,45
1100015,Aparecido,31
1100015,Arlindo,12
1100015,Arnaldo,13
1100015,Artur,11
1100015,Barbara,11
1100015,Beatriz,24
1100015,Benedita,12
1100015,Benedito,23
1100015,Bruna,43
1100015,Bruno,81
1100015,Caio,14
1100015,Camila,58
1100015,Carla,17
1100015,Carlos,143
1100015,Carolaine,14
1100015,Caroline,18
1100015,Cecilia,12
1100015,Celia,32
1100015,Celio,15
1100015,Celma,10
1100015,Celso,22
1100015,Cicero,25
1100015,Cintia,11
1100015,Clarice,18
1100015,Claudemir,26
1100015,Claudete,11
1100015,Claudia,22
1100015,Claudinei,36
1100015,Claudineia,17
1100015,Claudio,37
1100015,Cleber,15
1100015,Cleide,25
1100015,Cleiton,19
1100015,Cleonice,15
1100015,Cleusa,16
1100015,Cleuza,21
1100015,Cleverson,15
1100015,Clovis,12
1100015,Creuza,15
1100015,Cristiane,31
1100015,Cristiano,18
1100015,Cristina,16
1100015,Daiane,53
1100015,Daniel,81
1100015,Daniela,25
1100015,Daniele,26
1100015,Danieli,10
1100015,Danilo,19
1100015,Darci,17
1100015,Davi,24
1100015,David,16
1100015,Debora,41
1100015,Denilson,10
1100015,Denise,16
1100015,Diana,11
1100015,Diego,57
1100015,Diogo,20
1100015,Dione,22
1100015,Divino,14
1100015,Domingos,14
1100015,Donizete,18
1100015,Douglas,27
1100015,Eder,23
1100015,Edilaine,11
1100015,Edilene,10
1100015,Edimar,19
1100015,Edina,16
1100015,Edineia,16
1100015,Edite,11
1100015,Edivaldo,13
1100015,Edmar,10
1100015,Edna,21
1100015,Edson,46
1100015,Eduarda,18
1100015,Eduardo,73
1100015,Edvaldo,16
1100015,Elaine,39
1100015,Elena,13
1100015,Elenice,10
1100015,Eliane,62
1100015,Elias,50
1100015,Eliel,12
1100015,Eliete,16
1100015,Elio,16
1100015,Elisangela,25
1100015,Elizabete,23
1100015,Elizangela,17
1100015,Elizeu,14
1100015,Elton,16
1100015,Elza,22
1100015,Emerson,25
1100015,Emili,11
1100015,Emilia,11
1100015,Erica,35
1100015,Eunice,19
1100015,Eva,42
1100015,Evandro,18
1100015,Everton,11
1100015,Ezequiel,22
1100015,Fabiana,36
1100015,Fabiane,12
1100015,Fabiano,24
1100015,Fabio,61
1100015,Fabricio,23
1100015,Fagner,17
1100015,Fatima,14
1100015,Felipe,34
1100015,Fernanda,43
1100015,Fernando,77
1100015,Flavia,20
1100015,Flavio,27
1100015,Franciele,33
1100015,Francisca,33
1100015,Francisco,104
1100015,Gabriel,86
1100015,Gabriela,16
1100015,Gabriele,20
1100015,Gean,32
1100015,Gelson,10
1100015,Geovane,13
1100015,Geralda,13
1100015,Geraldo,49
1100015,Gessica,10
1100015,Gilberto,26
1100015,Gilmar,41
1100015,Gilson,20
1100015,Gisele,15
1100015,Gislaine,13
1100015,Guilherme,39
1100015,Gustavo,56
1100015,Helena,32
1100015,Helio,14
1100015,Henrique,28
1100015,Igor,31
1100015,Ilda,20
1100015,Ines,20
1100015,Iracema,17
1100015,Iraci,15
1100015,Irene,22
1100015,Ireni,10
1100015,Isabel,17
1100015,Isaias,15
1100015,Ismael,17
1100015,Italo,11
1100015,Ivan,14
1100015,Ivanete,13
1100015,Ivani,10
1100015,Ivanir,11
1100015,Ivo,12
1100015,Ivone,25
1100015,Ivonete,17
1100015,Izabel,17
1100015,Jaime,10
1100015,Jaine,18
1100015,Jair,36
1100015,Jairo,12
1100015,Janaina,11
1100015,Jandira,11
1100015,Janete,21
1100015,Jaqueline,53
1100015,Jean,19
1100015,Jeferson,48
1100015,Jessica,39
1100015,Jhonatan,17
1100015,Joana,22
1100015,Joao,373
1100015,Joaquim,37
1100015,Joel,33
1100015,Joice,13
1100015,Jonas,27
1100015,Jorge,36
1100015,Jose,661
1100015,Josefa,21
1100015,Josefina,10
1100015,Josiane,32
1100015,Josias,16
1100015,Josiel,10
1100015,Josimar,26
1100015,Josue,12
1100015,Judite,10
1100015,Julia,46
1100015,Juliana,65
1100015,Juliano,34
1100015,Julio,39
1100015,Junior,20
1100015,Juraci,17
1100015,Jurandir,13
1100015,Karina,18
1100015,Karine,15
1100015,Katia,18
1100015,Kauan,17
1100015,Keila,15
1100015,Keli,12
1100015,Laercio,11
1100015,Lara,13
1100015,Larissa,19
1100015,Laudiceia,10
1100015,Laura,16
1100015,Leandro,91
1100015,Leidiane,31
1100015,Leila,12
1100015,Leonardo,39
1100015,Leonice,18
1100015,Leticia,49
1100015,Liliane,11
1100015,Lindomar,13
1100015,Lorena,12
1100015,Lorival,18
1100015,Luan,18
1100015,Luana,29
1100015,Lucas,151
1100015,Lucia,41
1100015,Luciana,62
1100015,Luciano,40
1100015,Luciene,22
1100015,Lucilene,15
1100015,Lucimar,28
1100015,Lucineia,16
1100015,Luis,49
1100015,Luiz,125
1100015,Luiza,12
1100015,Lurdes,20
1100015,Luzia,46
1100015,Magno,12
1100015,Maicon,18
1100015,Manoel,56
1100015,Manuel,31
1100015,Marcelo,73
1100015,Marcia,77
1100015,Marciana,10
1100015,Marciano,12
1100015,Marcilene,18
1100015,Marcio,46
1100015,Marco,10
1100015,Marcos,150
1100015,Maria,1135
1100015,Mariana,21
1100015,Marilene,22
1100015,Marilza,15
1100015,Marina,27
1100015,Marinalva,19
1100015,Marinete,11
1100015,Mario,36
1100015,Marlene,50
1100015,Marli,51
1100015,Marta,38
1100015,Mateus,78
1100015,Matheus,45
1100015,Matilde,15
1100015,Mauricio,19
1100015,Mauro,30
1100015,Michael,24
1100015,Micheli,14
1100015,Miguel,22
1100015,Milton,18
1100015,Miriam,10
1100015,Mirian,16
1100015,Moises,17
1100015,Monica,26
1100015,Nadir,17
1100015,Naiara,18
1100015,Nair,17
1100015,Natalia,22
1100015,Natanael,12
1100015,Nayara,11
1100015,Neide,26
1100015,Nelson,37
1100015,Neusa,12
1100015,Neuza,28
1100015,Nicole,10
1100015,Nilda,10
1100015,Nilson,27
1100015,Nilton,16
1100015,Nivaldo,12
1100015,Odair,19
1100015,Orlando,19
1100015,Osmar,32
1100015,Osvaldo,32
1100015,Pablo,29
1100015,Pamela,15
1100015,Patricia,75
1100015,Paula,12
1100015,Paulo,164
1100015,Pedro,134
1100015,Poliana,37
1100015,Pricila,11
1100015,Priscila,15
1100015,Rafael,85
1100015,Rafaela,14
1100015,Raiane,15
1100015,Raimundo,21
1100015,Raquel,25
1100015,Regiane,20
1100015,Regina,21
1100015,Reginaldo,35
1100015,Reinaldo,26
1100015,Renan,21
1100015,Renata,15
1100015,Renato,28
1100015,Ricardo,27
1100015,Rita,16
1100015,Roberto,45
1100015,Robson,32
1100015,Rodrigo,63
1100015,Rogerio,51
1100015,Romario,21
1100015,Romildo,13
1100015,Ronaldo,41
1100015,Roni,11
1100015,Rosa,43
1100015,Rosalina,15
1100015,Rosana,30
1100015,Rosangela,47
1100015,Roseli,48
1100015,Rosenilda,12
1100015,Rosiane,10
1100015,Rosilene,30
1100015,Rosimeire,16
1100015,Rubens,18
1100015,Sabrina,23
1100015,Salete,13
1100015,Samara,17
1100015,Samuel,33
1100015,Sandra,60
1100015,Sandro,15
1100015,Sara,14
1100015,Sebastiana,13
1100015,Sebastiao,87
1100015,Sergio,41
1100015,Sidinei,16
1100015,Sidnei,22
1100015,Silvana,42
1100015,Silvani,10
1100015,Silvano,12
1100015,Silvia,14
1100015,Silvio,19
1100015,Simone,40
1100015,Sirlei,20
1100015,Sirlene,20
1100015,Solange,39
1100015,Sonia,30
1100015,Sueli,45
1100015,Taina,14
1100015,Tainara,25
1100015,Tais,26
1100015,Taisa,13
1100015,Tania,15
1100015,Tatiane,39
1100015,Teresa,12
1100015,Tereza,38
1100015,Terezinha,47
1100015,Thiago,31
1100015,Tiago,55
1100015,Vagner,35
1100015,Valdeci,36
1100015,Valdecir,23
1100015,Valdeir,21
1100015,Valdemar,17
1100015,Valdemir,15
1100015,Valdete,13
1100015,Valdinei,38
1100015,Valdineia,13
1100015,Valdir,50
1100015,Valdirene,14
1100015,Valdivino,16
1100015,Valdomiro,15
1100015,Valeria,19
1100015,Valmir,20
1100015,Valter,17
1100015,Vanderlei,53
1100015,Vanderson,16
1100015,Vanessa,66
1100015,Vania,12
1100015,Vanilda,14
1100015,Vanusa,12
1100015,Vera,23
1100015,Veronica,16
1100015,Victor,18
1100015,Vilma,22
1100015,Vilmar,11
1100015,Vilson,15
1100015,Vinicios,17
1100015,Vinicius,12
1100015,Vitor,53
1100015,Vitoria,39
1100015,Viviane,23
1100015,Wagner,13
1100015,Wanderson,14
1100015,Welinton,12
1100015,Weliton,18
1100015,Weslei,26
1100015,Wesley,15
1100015,Weverton,11
1100015,Wilian,17
1100015,Willian,26
1100015,Wilson,26
1100015,Yasmin,14
1100015,Zenilda,10
1100015,Zilda,16
1100023,Abel,16
1100023,Abraao,17
1100023,Adailton,26
1100023,Adair,27
1100023,Adalto,32
1100023,Adao,63
1100023,Adeildo,10
1100023,Adeilson,10
1100023,Adeilton,13
1100023,Adelaide,14
1100023,Adelina,24
1100023,Adelino,16
1100023,Adelson,30
1100023,Ademar,42
1100023,Ademilson,30
1100023,Ademir,91
1100023,Adenilson,31
1100023,Adenilton,11
1100023,Adilson,90
1100023,Adir,13
1100023,Admilson,10
1100023,Adonias,12
1100023,Adrian,15
1100023,Adriana,275
1100023,Adriane,22
1100023,Adriano,171
1100023,Adriel,17
1100023,Adriele,24
1100023,Adrieli,22
1100023,Afonso,20
1100023,Agata,11
1100023,Agenor,18
1100023,Agnaldo,50
1100023,Aguinaldo,30
1100023,Ailson,11
1100023,Ailton,87
1100023,Airton,14
1100023,Alaide,20
1100023,Alan,116
1100023,Alana,26
1100023,Albertina,15
1100023,Alberto,38
1100023,Alcides,23
1100023,Alcione,25
1100023,Alda,11
1100023,Aldair,23
1100023,Aldemir,11
1100023,Aldo,15
1100023,Alesandra,14
1100023,Alessandra,122
1100023,Alessandro,81
1100023,Alex,153
1100023,Alexandra,29
1100023,Alexandre,147
1100023,Alexandro,32
1100023,Alexia,16
1100023,Alexsandro,21
